day,temp,humidity,festivals,season,sales
2024-01-01,27.483570765056164,73.99355436586002,0,Winter,104.8424490475283
2024-01-02,24.308678494144075,69.24633682912769,0,Winter,93.81851928492607
2024-01-03,28.23844269050346,60.59630369920174,0,Winter,121.784281469942
2024-01-04,32.61514928204013,53.53063222294426,0,Winter,144.43988692562257
2024-01-05,23.829233126383322,66.9822331361359,0,Winter,106.10428913017532
2024-01-06,23.8293152152541,63.934853854217494,1,Winter,153.22151796908446
2024-01-07,32.896064077536955,68.95193220027733,0,Winter,122.11322997749745
2024-01-08,28.837173645764544,66.35171801681969,1,Winter,141.1264972820895
2024-01-09,22.65262807032524,70.49552715319335,0,Winter,97.0846441754151
2024-01-10,27.712800217929825,54.64764788439432,0,Winter,122.57289694193591
2024-01-11,22.682911535937688,73.17394065634326,0,Winter,93.20191334087667
2024-01-12,22.671351232148716,61.975996046923996,0,Winter,106.21342810890765
2024-01-13,26.20981135783017,80.75260872625265,0,Winter,93.86766100408218
2024-01-14,15.43359877671101,53.10812181910432,0,Winter,106.45731345178787
2024-01-15,16.375410837434835,77.3596380316525,0,Winter,74.1275350484147
2024-01-16,22.188562353795135,61.979107834626475,0,Winter,106.23067374862853
2024-01-17,19.93584439832788,53.48581996385552,0,Winter,126.33721561013914
2024-01-18,26.571236662976368,55.16114165945678,0,Winter,126.79454700617802
2024-01-19,20.459879622393945,56.7965269180568,0,Winter,122.8877540850987
2024-01-20,17.938481493323543,64.24165946401916,0,Winter,101.58523260120967
2024-01-21,32.32824384460777,65.228354880355,0,Winter,127.22428900535996
2024-01-22,23.871118497567323,54.26299996061421,1,Winter,156.19140279080094
2024-01-23,25.33764102343962,59.756454077390174,0,Winter,121.00958742187522
2024-01-24,17.87625906893272,81.42270358611864,1,Winter,91.98009986195942
2024-01-25,22.278086377374088,77.27543170100711,0,Winter,85.24860823248373
2024-01-26,25.55461294854933,64.36323669674032,0,Winter,116.79016070790979
2024-01-27,19.245032112888488,60.380034781682,0,Winter,105.67552613588344
2024-01-28,26.87849009172836,61.200313267182615,0,Winter,112.93056104866493
2024-01-29,21.996806550405974,66.13517972730416,1,Winter,132.52882125696837
2024-01-30,23.541531251033618,49.77207434801595,0,Winter,138.94547856132078
2024-01-31,21.991466938853016,57.42623462576655,0,Winter,122.0780405167298
2024-02-01,34.26139092254469,43.314159261224106,0,Winter,161.24152290642309
2024-02-02,24.93251387631033,63.992231226052795,0,Winter,116.63392729883189
2024-02-03,19.711445355220498,66.4719593970274,0,Winter,95.88241651305962
2024-02-04,29.112724560515943,55.16813537700626,0,Winter,124.95388812138891
2024-02-05,18.895781750144888,75.73986763290033,0,Winter,77.55943211029151
2024-02-06,26.044317975023777,47.74234336997659,0,Winter,146.28956473762366
2024-02-07,15.201649380601122,45.3562511979018,0,Winter,118.99895655520302
2024-02-08,18.359069755507846,62.24451818559972,0,Winter,100.13444233574103
2024-02-09,25.984306179345616,70.47098302612154,0,Winter,102.76294683813452
2024-02-10,28.692332899977053,76.83927691457869,0,Winter,109.6464333759511
2024-02-11,25.85684140594985,55.4111573713106,0,Winter,134.7267413317441
2024-02-12,24.421758588058797,70.78680833431295,0,Winter,111.75720584188885
2024-02-13,23.494481522053555,59.61491530499293,0,Winter,114.77136403461746
2024-02-14,17.607390048162863,58.273727000591805,0,Winter,107.28231203917349
2024-02-15,21.400778958026457,68.83659937486672,0,Winter,89.96344610664887
2024-02-16,22.696806145201062,66.52322878413419,0,Winter,110.99344124479221
2024-02-17,30.285611131094576,44.236078430157505,0,Winter,146.37820686061323
2024-02-18,26.71809144784231,74.76540349725896,0,Winter,100.37195546860933
2024-02-19,16.18479922318633,73.80091354147451,0,Winter,74.18171549599668
2024-02-20,26.620419846973974,53.74437298490471,0,Winter,127.6799460828974
2024-02-21,23.074588597918417,63.95803533437409,0,Winter,104.0258120390272
2024-02-22,21.615389998470206,64.94030186282738,0,Winter,100.78095089932025
2024-02-23,28.05838144420434,62.60673765823907,0,Winter,117.51104288530519
2024-02-24,30.154997612479754,54.4969484615458,0,Winter,133.82322855801542
2024-02-25,29.656400595580994,53.283766320619485,0,Winter,141.5538212691343
2024-02-26,20.803912383886807,59.744459290085544,0,Winter,104.4668218673327
2024-02-27,23.453938120743928,71.72729019259364,0,Winter,98.41964808766673
2024-02-28,26.65631715701782,65.43600154594432,0,Winter,119.24842775664695
2024-02-29,29.877725635611796,56.29385667913894,0,Winter,130.74868442994818
2024-03-01,22.60412881077355,67.71698710648344,0,Spring,100.04318250808392
2024-03-02,24.071705116680914,31.514573793699245,0,Spring,159.71892641691173
2024-03-03,19.46832512996986,71.48765700372104,0,Spring,97.6037907961617
2024-03-04,19.018966879596647,42.60286221221901,0,Spring,135.10417859563157
2024-03-05,29.062629111970992,56.37559058596868,0,Spring,130.90580087195096
2024-03-06,31.781200142854114,48.803301053738565,0,Spring,152.77683196104059
2024-03-07,24.63994939209833,47.053185242790946,0,Spring,133.18866017082814
2024-03-08,30.01766448946012,71.6082678737852,0,Spring,116.0297247204572
2024-03-09,26.80818012523817,55.32298798688109,0,Spring,132.67491480866354
2024-03-10,21.77440122697438,63.46503881730716,0,Spring,106.8122018722936
2024-03-11,26.80697802754207,59.53079421120816,0,Spring,120.12483574603576
2024-03-12,32.690182832329846,64.77040827223121,0,Spring,123.79134864489559
2024-03-13,24.820869804450243,60.768218910602556,0,Spring,121.1634979247262
2024-03-14,32.82321827907003,47.1700777581143,0,Spring,161.0362224334139
2024-03-15,11.901274479551278,69.9626681944714,0,Spring,75.67200793225147
2024-03-16,29.10951252187612,55.06243416838687,1,Spring,167.91730730892934
2024-03-17,25.435235341190857,44.434181013402494,0,Spring,133.78406406926766
2024-03-18,23.504963247670663,55.718848390340874,1,Spring,150.50856525654402
2024-03-19,25.45880388267751,75.00759790634311,0,Spring,98.25091624148585
2024-03-20,15.062155426995536,68.50221742113493,0,Spring,82.8225676373795
2024-03-21,23.90164056081244,56.51347865592141,0,Spring,118.35053126379478
2024-03-22,26.78556285755873,56.50742295681571,0,Spring,125.47109349754946
2024-03-23,32.38947022370758,56.783649487826175,0,Spring,141.06442985730777
2024-03-24,22.40864890863176,80.76747983560841,0,Spring,82.72943297181904
2024-03-25,20.95753198553406,63.819354522315535,0,Spring,94.99487602096995
2024-03-26,22.491214782077318,64.3004164719107,0,Spring,97.92830409311327
2024-03-27,29.57701058851037,70.30283454031843,0,Spring,110.66544347725721
2024-03-28,26.643755548298422,62.387891590265134,0,Spring,121.9941066414669
2024-03-29,22.351198981164806,57.40957854179297,1,Spring,134.85050593601397
2024-03-30,27.56633716556678,58.03650150915022,0,Spring,125.57927118665008
2024-03-31,25.4853877467402,59.283987405859364,1,Spring,149.41355510210425
2024-04-01,29.843224952664446,59.627777634901584,0,Spring,137.18647234401877
2024-04-02,21.489734530613237,67.2762954363698,0,Spring,100.13991684810748
2024-04-03,23.361689267011158,60.519458858072994,0,Spring,117.85913517061746
2024-04-04,23.039459234339212,67.3264007721558,0,Spring,105.79560301088205
2024-04-05,17.682425259339407,59.19283419891418,0,Spring,95.92276682127154
2024-04-06,26.48060138532288,60.786351903160906,0,Spring,125.62271099906309
2024-04-07,26.305276360899448,40.01799315467892,0,Spring,153.66054551706196
2024-04-08,25.025567283212304,69.16327674702481,1,Spring,138.84756264426034
2024-04-09,23.827064333124266,63.46488475897993,0,Spring,132.08799005996028
2024-04-10,17.92314628974793,69.98010109859652,0,Spring,80.45557623410812
2024-04-11,22.896773386173205,31.037446218063106,0,Spring,167.8608606940573
2024-04-12,23.286427417366152,80.88374704780728,0,Spring,83.80999666601961
2024-04-13,20.988613653891903,58.604103718448265,0,Spring,115.50771625212646
2024-04-14,24.193571441669953,71.08182816737516,0,Spring,101.53683940577095
2024-04-15,27.020254284072692,49.60094072874469,0,Spring,137.5179158080381
2024-04-16,34.43092950605265,66.12773905062569,0,Spring,126.82108579497296
2024-04-17,25.872889064159196,49.46584436826344,0,Spring,139.1945552537883
2024-04-18,26.28775195361382,53.76231039304195,0,Spring,124.34616983430631
2024-04-19,24.627770421169163,79.14031353866787,0,Spring,94.29796637194536
2024-04-20,15.406143923504793,58.09317599236653,0,Spring,101.59155183403351
2024-04-21,24.867430622753915,62.17432873179723,0,Spring,110.82302145261019
2024-04-22,25.301151049705133,68.70067730688754,0,Spring,105.30122184909989
2024-04-23,37.316210562426434,64.95681887972604,0,Spring,143.48293888957667
2024-04-24,24.038195176094387,61.504189051435766,0,Spring,113.14343133995402
2024-04-25,26.507736711668063,63.64961002466225,0,Spring,119.33332647739084
2024-04-26,24.826441151473784,84.03415585238275,0,Spring,79.94686714579608
2024-04-27,19.15660981190234,59.42381202966415,0,Spring,112.96711082892655
2024-04-28,30.714114072575104,62.010990467149675,0,Spring,131.83928113837672
2024-04-29,28.759665163433873,70.50654396007612,0,Spring,121.00255855323564
2024-04-30,28.955159735215233,71.05525932957984,0,Spring,110.44961074856462
2024-05-01,20.453062726026303,71.8703030556038,0,Spring,96.44394489243645
2024-05-02,32.013971554680495,66.38730222029184,0,Spring,124.93732747661795
2024-05-03,17.990744686038596,48.569950872695166,0,Spring,129.6059219723495
2024-05-04,27.934285469001352,76.33431532301096,0,Spring,97.77293601544262
2024-05-05,35.952278129049894,48.53654606981312,0,Spring,162.8247637177665
2024-05-06,20.04731837434656,63.02635465239033,0,Spring,104.58161828952422
2024-05-07,22.16851135198614,52.45724149980642,0,Spring,125.33021956872017
2024-05-08,25.498256825438204,59.35861653407007,0,Spring,122.41735127201316
2024-05-09,22.482621729419005,63.2876241030348,0,Spring,111.29500928641919
2024-05-10,17.246682844669337,63.21357215450273,0,Spring,99.0918622419748
2024-05-11,25.342814874030136,64.21920754235285,0,Spring,115.43038435038362
2024-05-12,19.688481431369475,76.13711269058646,0,Spring,93.06188411467018
2024-05-13,27.36796215317591,64.5353430151398,0,Spring,122.86015821171821
2024-05-14,20.402878828830985,57.558433647093516,0,Spring,118.81388014950619
2024-05-15,32.7496720250877,69.64087168288357,0,Spring,118.76033889573068
2024-05-16,21.083733538318814,71.89470488924641,0,Spring,89.8792056016264
2024-05-17,23.38969241897162,47.72392184863008,0,Spring,139.9700048561869
2024-05-18,29.067586086848348,65.97400069849859,0,Spring,123.55440508859779
2024-05-19,18.845678417830225,67.01172742310898,0,Spring,104.53711907975189
2024-05-20,26.137299673020646,57.02436496640008,0,Spring,123.71814876659502
2024-05-21,31.53571377141214,73.75706813311619,0,Spring,111.28808206634825
2024-05-22,16.96258382719386,58.499444129674735,0,Spring,97.97858064724845
2024-05-23,25.92316929266152,61.255764534715425,0,Spring,118.00033625294554
2024-05-24,26.299413971242117,58.2692817571613,0,Spring,130.1777578596395
2024-05-25,28.90911435888655,60.155790475814676,0,Spring,125.2520661079101
2024-05-26,18.81524644560959,49.037249131047986,1,Spring,157.27701817065133
2024-05-27,18.397716934578618,45.59949117405706,0,Spring,127.44368157808259
2024-05-28,27.60970782808449,75.94505063224972,0,Spring,102.9221248489022
2024-05-29,26.48492336616593,51.53038651681672,0,Spring,129.93581000802845
2024-05-30,26.252464251729382,50.08607650543693,0,Spring,137.80186099347287
2024-05-31,26.732241047484877,38.466098863962856,0,Spring,140.80965394452187
2024-06-01,21.599876392107547,53.610382523104974,0,Summer,124.84969820874771
2024-06-02,26.161268485805017,46.76910206592502,1,Summer,167.0165176541468
2024-06-03,26.465362366493405,76.4201516013637,0,Summer,107.33046991367533
2024-06-04,21.42824290986816,70.09817089342634,0,Summer,104.59626624341936
2024-06-05,34.328872555723784,53.118496548222765,0,Summer,154.31335519894384
2024-06-06,27.36916460455894,82.52435805344308,0,Summer,101.55682326475016
2024-06-07,19.043482513986756,69.81765486991594,0,Summer,91.61590011897542
2024-06-08,28.28276804316915,56.75168616491378,0,Summer,143.17482282854542
2024-06-09,20.126591648863393,35.005942851264265,0,Summer,155.40522684213232
2024-06-10,28.93542301871226,82.90942572590743,0,Summer,95.32393101246866
2024-06-11,30.79297789503702,46.10427533236404,0,Summer,161.1076435274427
2024-06-12,20.89658840824145,43.546012530431085,0,Summer,133.94269045877812
2024-06-13,29.81688064622161,70.2257043200964,0,Summer,113.17263400466025
2024-06-14,27.06390463468249,84.39752406339272,0,Summer,87.48857455807739
2024-06-15,29.11030079997245,73.84272818510519,0,Summer,107.81162078196704
2024-06-16,34.48396491326974,65.6390912005236,0,Summer,128.22650481195282
2024-06-17,23.773059419985646,65.94754341665286,0,Summer,117.74021905046862
2024-06-18,21.23131917821255,68.53415558780307,1,Summer,131.36713297287133
2024-06-19,20.552427851872384,67.58928589786765,0,Summer,104.48345169872769
2024-06-20,20.920948575172808,62.811914239693756,0,Summer,107.77226895873657
2024-06-21,24.614491452929478,61.04201103951876,0,Summer,111.56294984383823
2024-06-22,26.70575987408322,59.374068721004775,0,Summer,128.70070345861637
2024-06-23,26.383453996650097,52.46035411133324,0,Summer,127.51510194920145
2024-06-24,29.13591624518012,57.19324923133226,0,Summer,135.1387884129345
2024-06-25,25.065009459389536,43.07043185804615,0,Summer,141.68279593754582
2024-06-26,32.26767038578659,59.0166037320525,0,Summer,148.94681516964846
2024-06-27,23.67671583381022,50.11408892849083,0,Summer,139.7391118857578
2024-06-28,38.600845832948096,48.964106827842286,0,Summer,167.28430038049015
2024-06-29,28.12833673882503,61.798941511534785,0,Summer,132.87679459862125
2024-06-30,20.714212217918586,73.920022863446,0,Summer,89.3168102533395
2024-07-01,19.64553750969444,69.18316606002313,0,Summer,101.23372282270466
2024-07-02,27.412362076215928,44.29499396376823,0,Summer,152.3812853753731
2024-07-03,23.882686073370746,50.10371863429663,0,Summer,136.92989460196492
2024-07-04,28.57000247046046,69.40771187988216,1,Summer,152.3902046216315
2024-07-05,27.366188122867726,50.175126064616904,1,Summer,176.13214766270912
2024-07-06,24.635855436715637,57.753668500029754,0,Summer,127.08482643751177
2024-07-07,20.766031409657977,65.50052099024552,1,Summer,128.0068441528062
2024-07-08,17.425763876570677,50.31655545136365,0,Summer,117.57646309969857
2024-07-09,22.767425239664895,61.0537550614596,1,Summer,146.34067321916177
2024-07-10,29.28199397161736,46.65974505081795,0,Summer,152.04123223839105
2024-07-11,26.07046872065102,53.98632356048786,0,Summer,128.51043347720062
2024-07-12,18.771306106440058,63.19781934142537,0,Summer,117.80426657863416
2024-07-13,25.86590462925591,44.070062664683306,0,Summer,156.20868553775472
2024-07-14,26.926586898644185,64.40474737960399,0,Summer,123.2566443298448
2024-07-15,20.580712818994336,59.803622010733186,0,Summer,114.81617692830763
2024-07-16,25.76862552972764,65.52489954417148,0,Summer,115.1888568936923
2024-07-17,25.29104359223,62.23914134064661,0,Summer,115.4637828733789
2024-07-18,19.285148510846884,73.64140429973844,0,Summer,91.49559316468041
2024-07-19,26.788936801741418,61.25224502647907,0,Summer,125.98826876447798
2024-07-20,27.80392263184117,55.70594458874747,0,Summer,128.84012550315302
2024-07-21,30.415256215876383,61.222975030322836,0,Summer,133.666931972493
2024-07-22,30.269010260174515,65.43298029036387,0,Summer,124.61225484067948
2024-07-23,18.111653160214544,60.48860070325704,0,Summer,98.95136747615658
2024-07-24,20.310874800424386,60.405916912038826,0,Summer,108.71094917889303
2024-07-25,27.5751763360433,52.980083121932445,1,Summer,166.6122003220797
2024-07-26,27.568929754561044,53.37099082449052,0,Summer,147.51981155908726
2024-07-27,27.575238431530238,45.97394728200307,0,Summer,151.97232156272466
2024-07-28,44.26365745327361,77.4957674318694,0,Summer,128.60625591324367
2024-07-29,27.854452553465833,47.56136764608715,0,Summer,149.79703508488913
2024-07-30,30.677828200902994,53.07094802204092,0,Summer,137.01271442405277
2024-07-31,29.770008817466014,52.81592734430802,0,Summer,148.72958188790534
2024-08-01,28.25695625652899,68.94924376944441,0,Summer,113.73442359980197
2024-08-02,23.42365377679827,57.05050321707972,0,Summer,123.80337178428111
2024-08-03,28.794846102466337,72.47742072673734,0,Summer,118.50254435253763
2024-08-04,21.13587392731214,53.26509375756132,0,Summer,118.93828937536105
2024-08-05,23.815906966299956,62.78994162223802,1,Summer,139.4613105736779
2024-08-06,22.573182260854484,51.64652946740243,0,Summer,127.7585736888753
2024-08-07,25.409370696931614,81.45149127773388,0,Summer,96.83339873235899
2024-08-08,36.573292833367546,48.12401580970487,0,Summer,156.36383157479358
2024-08-09,15.66367403704126,63.09820710227027,0,Summer,85.51925943012427
2024-08-10,28.43130095187257,66.33776880932099,0,Summer,118.10015439771865
2024-08-11,16.936420644051744,64.13799097451498,0,Summer,103.42455882588561
2024-08-12,22.640340671052833,58.147123411222914,0,Summer,127.06130497396543
2024-08-13,30.444752984836832,58.70179300266574,0,Summer,133.52100965524804
2024-08-14,25.321400095477316,60.438114719791095,0,Summer,120.92849507568798
2024-08-15,19.61127611035347,58.529979983715116,0,Summer,120.197085916413
2024-08-16,21.42348145370016,69.6387911679491,0,Summer,92.04006765699957
2024-08-17,28.39798874467338,82.10523001591352,0,Summer,94.69552858956143
2024-08-18,21.34816684141432,54.425082149921664,0,Summer,125.01082990757142
2024-08-19,26.082292947909874,46.301970204209226,0,Summer,147.9577241959311
2024-08-20,25.22785919951907,59.117179516487454,0,Summer,122.23091565835256
2024-08-21,21.741998261970913,85.79709337654319,0,Summer,77.96056151765625
2024-08-22,35.719720446626624,51.963254320302696,1,Summer,174.05292264573427
2024-08-23,28.169595111590056,76.39116805444067,0,Summer,101.46119607984987
2024-08-24,14.874287066711965,76.77700814076441,0,Summer,79.85060548504966
2024-08-25,25.93227157384714,54.46411758292005,0,Summer,128.25689660204077
2024-08-26,21.69106767615806,65.68983079185276,1,Summer,138.142310272485
2024-08-27,29.26216667398112,76.28396623128538,0,Summer,109.33274650504767
2024-08-28,21.037396307836495,56.20872259012513,1,Summer,149.04896272619646
2024-08-29,24.426317792665504,57.964196398976384,1,Summer,155.7586598418493
2024-08-30,27.524936394902287,54.18319086051356,0,Summer,131.96142367261115
2024-08-31,29.328775970850607,49.852432693071336,1,Summer,175.84584650361398
2024-09-01,18.998517964721117,53.50722454933993,0,Autumn,119.78727995337844
2024-09-02,23.327493820795258,47.760597332377436,0,Autumn,134.79895644786652
2024-09-03,22.62527344419522,60.34083468259226,0,Autumn,110.80663851668238
2024-09-04,21.73335383713144,52.30026768941358,0,Autumn,125.13738816159646
2024-09-05,33.82727120140548,62.33785911790748,0,Autumn,136.72080267913282
2024-09-06,27.024908554804778,44.44104353796373,0,Autumn,136.13854540977658
2024-09-07,18.695580228324772,63.30880232214457,1,Autumn,137.22332729821218
2024-09-08,29.58930973527388,68.33528961608924,0,Autumn,113.99441135300853
2024-09-09,35.610780985063165,40.062643574285445,0,Autumn,172.25504627489934
2024-09-10,30.162326302755734,63.74056569847572,1,Autumn,159.70003867602404
2024-09-11,17.403150170229935,72.27668992473292,1,Autumn,108.53289696720816
2024-09-12,22.578829635668743,47.90358981308795,1,Autumn,158.7550695395678
2024-09-13,31.334555745933113,76.72572386837703,0,Autumn,105.13778220992216
2024-09-14,21.461652671906094,64.19019009366045,1,Autumn,131.71925259769935
2024-09-15,27.219097140731144,52.949881442415915,0,Autumn,142.68805499702245
2024-09-16,28.873170267146683,59.44230922342294,0,Autumn,123.29901623002499
2024-09-17,20.365347642109583,65.58326912521723,0,Autumn,98.57805769895899
2024-09-18,24.702373219691,60.760053914124114,0,Autumn,118.28661072621071
2024-09-19,8.793663299654636,65.38755992446369,0,Autumn,72.4952390822333
2024-09-20,19.878061793328552,50.79326406920634,0,Autumn,120.58782392406629
2024-09-21,23.7371592430342,61.69360824036078,0,Autumn,115.52117243177811
2024-09-22,18.761084090175753,45.8628550309502,0,Autumn,126.06358361201364
2024-09-23,33.16205651965818,58.887739386513,0,Autumn,136.52556966504713
2024-09-24,17.849293110196836,50.960923585352106,0,Autumn,115.61054028012366
2024-09-25,22.799777566515083,52.64470057410233,0,Autumn,118.06015272597284
2024-09-26,25.653702886430455,72.36093175210438,0,Autumn,103.37397420140054
2024-09-27,32.20636644533058,70.9131012059427,0,Autumn,125.81774643998332
2024-09-28,17.8206892441028,66.09138120907177,0,Autumn,95.59631482851515
2024-09-29,30.815818760774796,49.07687235327421,1,Autumn,178.142649577876
2024-09-30,25.051165305097935,56.83591550305198,0,Autumn,127.3120711312022
2024-10-01,20.092456744760245,72.13097699979184,0,Autumn,84.64179550709925
2024-10-02,27.310517371316354,61.417169136399046,0,Autumn,130.00785432868216
2024-10-03,25.99529847786735,83.19329539981695,0,Autumn,87.21229783812329
2024-10-04,21.998915614206027,63.93317839394372,0,Autumn,115.25734813294201
2024-10-05,25.349010424950094,61.92049116490031,0,Autumn,113.15211912492977
2024-10-06,23.0734320156912,56.908835357974986,0,Autumn,128.87392060720904
2024-10-07,25.56758672625624,61.33540904782282,0,Autumn,122.00783735095217
2024-10-08,28.310653372605234,58.47530163619456,0,Autumn,130.67355472018042
2024-10-09,32.93008408072676,67.0810867668859,0,Autumn,125.4086602828904
2024-10-10,18.810922505865754,69.56702316794585,0,Autumn,91.0286671694405
2024-10-11,35.665166873281336,52.140105394920504,0,Autumn,158.1228339465513
2024-10-12,15.239561002387491,46.68767046442222,0,Autumn,120.14941565738188
2024-10-13,24.241074524822082,41.637946268967035,0,Autumn,135.18988112825787
2024-10-14,27.941586032422883,65.07991326912544,1,Autumn,141.6773698526226
2024-10-15,26.404959338675162,48.966333938261265,1,Autumn,167.4311890089947
2024-10-16,21.88650240089703,38.471094070475175,0,Autumn,146.61635861190905
2024-10-17,23.959388748213623,63.885786045309644,0,Autumn,110.8071559839633
2024-10-18,22.534995326705836,84.9299951743279,0,Autumn,82.76985184088814
2024-10-19,22.053176215278942,59.939290884601064,0,Autumn,103.44190678346315
2024-10-20,29.248010485105123,68.38490774451643,0,Autumn,115.6365990359614
2024-10-21,26.785077429825236,60.81829358547565,1,Autumn,142.25281835450122
2024-10-22,21.535452023696728,59.01110346808857,1,Autumn,147.35281032268142
2024-10-23,29.497999377166252,69.19076482987768,0,Autumn,113.73755793730597
2024-10-24,26.536497604383047,57.097254558113484,0,Autumn,128.52516323171648
2024-10-25,29.0643105941948,62.673923140719026,0,Autumn,118.79832167436224
2024-10-26,28.14814420961806,63.216978061960134,0,Autumn,126.86814598458467
2024-10-27,20.855024945389637,53.31909546356951,0,Autumn,125.94003001571926
2024-10-28,22.199094799015153,69.92042349536523,0,Autumn,101.4352758700419
2024-10-29,28.736468025616308,58.25040243304591,0,Autumn,128.44974616734655
2024-10-30,28.051851327167324,52.442548405071555,0,Autumn,139.339166473203
2024-10-31,24.89549203017926,65.36509843570404,0,Autumn,107.2088735668657
2024-11-01,25.58663691654391,51.015320182089624,1,Autumn,167.92807185505694
2024-11-02,31.388324478942124,60.281811573691286,0,Autumn,139.60133606896693
2024-11-03,22.04214305582085,59.90881003355796,0,Autumn,118.57412386120069
2024-11-04,27.735486905850188,70.85895565831578,0,Autumn,104.53452797518966
2024-11-05,23.98903673783053,64.74698232879953,0,Autumn,111.66468656882728
2024-11-06,23.9115939838639,59.74973041254856,0,Autumn,110.73288463011171
2024-11-07,30.49388425993595,68.17766299200287,0,Autumn,120.58322558774599
2024-11-08,29.12708174494015,73.90207549017313,0,Autumn,108.6540673189333
2024-11-09,29.067548180003193,65.57810306351863,0,Autumn,109.41886006706763
2024-11-10,31.527394035771646,60.103526198433805,1,Autumn,156.09057955433076
2024-11-11,25.105019208163796,46.8816376764984,0,Autumn,137.47188741786118
2024-11-12,28.40976485647482,49.348863369246274,0,Autumn,140.2919359233761
2024-11-13,23.44866621703272,56.94775295645332,0,Autumn,114.42831832229142
2024-11-14,26.62083176244221,53.90487797840717,0,Autumn,133.3292402040346
2024-11-15,24.349284728161578,58.13028697014554,0,Autumn,121.7605070458074
2024-11-16,25.48497982496359,60.56649924897107,0,Autumn,118.14886511657798
2024-11-17,27.97578512718457,65.2969275435673,0,Autumn,113.22722143822637
2024-11-18,20.908896583832636,59.29501221940909,0,Autumn,117.11881047063446
2024-11-19,35.4619363784273,64.86501643826202,1,Autumn,170.90338366490306
2024-11-20,19.96991309250149,60.6447441481012,0,Autumn,105.5549025436185
2024-11-21,18.92905693606134,40.24533433646128,0,Autumn,133.42927778165665
2024-11-22,30.790554367500338,50.606646061812455,0,Autumn,147.12717796934197
2024-11-23,28.95831346981468,58.55912444278385,0,Autumn,127.28779337671865
2024-11-24,28.120599085260775,47.90305257158892,0,Autumn,142.689633309822
2024-11-25,28.1417275463214,65.99928729996205,0,Autumn,119.98278990132309
2024-11-26,24.938766135765427,75.30750832343698,0,Autumn,86.36948934883891
2024-11-27,20.51372814257084,72.18761851697317,0,Autumn,98.33754013394527
2024-11-28,25.37902279096863,57.86557129069792,0,Autumn,123.32309126753708
2024-11-29,21.61419144243944,74.90726136849952,0,Autumn,87.8100251093187
2024-11-30,29.875598667088756,61.486674572021116,0,Autumn,126.07501470503858
2024-12-01,24.264713092489306,56.629140288819606,0,Winter,121.3978625268518
2024-12-02,20.872514016037442,53.8659733645906,0,Winter,110.29006146796436
2024-12-03,23.393070791735035,56.975303135118715,1,Winter,156.79787801805816
2024-12-04,27.06465727137812,56.118231814587716,0,Winter,128.15859498222775
2024-12-05,22.181377235980126,61.70416222375488,0,Winter,112.02152178856481
2024-12-06,20.888898022167844,61.60573981049865,0,Winter,112.12693518145792
2024-12-07,26.218436057459563,60.03046020153415,0,Winter,115.2853695248164
2024-12-08,26.224832855543614,64.3693816974635,0,Winter,116.26295266006812
2024-12-09,22.46528412314435,71.90646274786342,0,Winter,93.7326686699996
2024-12-10,22.644808471908387,69.49554135441323,0,Winter,103.28015878827938
2024-12-11,26.16024968678818,45.151020315500965,0,Winter,131.95783179856744
2024-12-12,17.75957829251338,34.46078865098045,0,Winter,141.33250210734974
2024-12-13,17.962681128117225,69.34319911239274,0,Winter,86.89646030872554
2024-12-14,21.40777889373782,46.33121301584579,0,Winter,133.48005301687775
2024-12-15,23.932764241440765,57.75234598107316,0,Winter,121.5872304481128
2024-12-16,26.554537827990025,48.298869739406406,0,Winter,135.1226415727603
2024-12-17,32.37678108474776,41.9801956241998,0,Winter,156.2223994123156
2024-12-18,29.288298116010097,65.41462728204787,0,Winter,117.90132846616174
2024-12-19,24.200307350182864,67.59155160302647,0,Winter,100.53007615924997
2024-12-20,24.904918960486555,54.2348959927328,0,Winter,130.66741240913453
2024-12-21,19.987353176810956,34.0895770785509,0,Winter,144.99430473355832
2024-12-22,24.90743432003805,54.53755551747517,0,Winter,111.47359426725514
2024-12-23,23.55670680539931,63.91804005402547,0,Winter,107.36224324665137
2024-12-24,26.613592801690448,45.21088431225871,1,Winter,168.21814003077296
2024-12-25,20.863845282238387,61.83359919779156,0,Winter,98.8209126904847
2024-12-26,27.596732571205862,59.846901508270044,0,Winter,117.23597968889379
2024-12-27,32.66369456501289,65.79291499601088,0,Winter,125.18505899517432
2024-12-28,24.456199257715713,61.19580368414153,0,Winter,121.7618971304603
2024-12-29,27.008558610494706,50.26931059118444,0,Winter,138.17907370353765
2024-12-30,28.450719958555563,71.96571501664491,0,Winter,103.92035045106506
2024-12-31,22.993897640570818,58.4147042697303,1,Winter,148.64525985239968
2025-01-01,26.120462409052084,59.72695460490068,0,Winter,118.35504135965819
2025-01-02,25.062962003908975,50.667320409268044,0,Winter,128.65194154810015
2025-01-03,25.48838049274416,55.567177488084894,0,Winter,119.85418141219606
2025-01-04,21.13495108072267,51.15197285973099,0,Winter,114.78279883809026
2025-01-05,25.122550871294713,58.27053940076577,0,Winter,118.88967410864355
2025-01-06,27.489991456227248,77.11708480142343,0,Winter,98.09462315992002
2025-01-07,32.25571803897521,46.28098857068643,0,Winter,152.60683487184633
2025-01-08,29.796354130426035,43.86438602123259,0,Winter,149.7162945892664
2025-01-09,35.76591228755778,74.71170327493608,0,Winter,112.73553935922754
2025-01-10,21.163262185559752,57.90676322848134,0,Winter,116.50761048682234
2025-01-11,29.361603183603393,53.309272613400836,0,Winter,130.1736378473726
2025-01-12,25.91671002869176,70.39904687396077,1,Winter,138.11498931565973
2025-01-13,35.94901466608836,53.94384460263136,0,Winter,143.97117733359607
2025-01-14,20.958508573224243,78.26009713546937,1,Winter,108.76469525647926
2025-01-15,20.801390789096118,66.7792587133927,0,Winter,92.09996755502482
2025-01-16,22.00303677277989,55.120885918542974,0,Winter,116.81773393331713
2025-01-17,14.380521378450965,81.57308213265503,0,Winter,69.27798185030927
2025-01-18,22.371224891596196,53.94285076996662,0,Winter,124.40631407046224
2025-01-19,21.20433669223151,67.42095372009307,0,Winter,104.1693533644636
2025-01-20,25.75196893238104,62.99292580406492,0,Winter,117.62526188833439
2025-01-21,26.708779878885796,73.01741289398798,0,Winter,96.37309127413778
2025-01-22,34.38085419607943,75.61511196726853,0,Winter,111.68509431961827
2025-01-23,29.75211919093025,60.320041490657665,0,Winter,123.1231805002867
2025-01-24,22.115481721687985,52.46582129653817,0,Winter,130.18510601876392
2025-01-25,20.50792664325821,64.59972142939117,1,Winter,126.13232791029812
2025-01-26,27.459595857532527,53.22284630247894,0,Winter,137.5534107082922
2025-01-27,18.398833964896788,80.13387247526623,0,Winter,79.06162856743808
2025-01-28,34.157293829271765,61.36535331082737,0,Winter,143.41465870088288
2025-01-29,30.897200603606436,56.34678448687891,0,Winter,133.22579151374703
2025-01-30,22.654121739476476,61.84680305864909,0,Winter,114.09964968888013
2025-01-31,16.434327354545612,46.52873710470303,0,Winter,132.4838082347309
2025-02-01,31.769361870827062,50.28385961489349,0,Winter,143.0247259346454
2025-02-02,24.42730077373691,72.00413907944426,0,Winter,91.17319169064564
2025-02-03,31.189081559867308,53.43105721028604,0,Winter,130.83152713476673
2025-02-04,17.027861706028165,49.5308901731806,0,Winter,121.32294829659209
2025-02-05,22.003124885231134,65.36652752527286,1,Winter,124.54070744226007
2025-02-06,25.026218498590914,71.85704154662997,0,Winter,98.40527941254726
2025-02-07,25.23490296882371,67.18953310665067,0,Winter,109.87207221286621
2025-02-08,22.74967264260378,69.96047685805816,0,Winter,99.48450768226989
2025-02-09,28.114249661737492,52.43204911430539,0,Winter,137.70764997293776
2025-02-10,19.661897853087027,45.78189333258156,1,Winter,159.76240498630597
2025-02-11,24.288102574893532,75.01333651955487,0,Winter,100.45052943702173
2025-02-12,25.601478158559495,56.77320161157864,0,Winter,119.28157199605705
2025-02-13,27.572194170293745,57.49166983544953,0,Winter,123.52190789512055
2025-02-14,28.55807439044445,73.28194141849058,0,Winter,101.32993942679892
2025-02-15,19.376789540810655,65.5623000940066,0,Winter,102.56108799992445
2025-02-16,17.32942914632189,64.55887772081607,0,Winter,100.322534653395
2025-02-17,31.388384109492545,81.65002344901083,0,Winter,100.55785964206137
2025-02-18,26.661570059897958,53.564817696198574,0,Winter,136.8933819099477
2025-02-19,21.25756731721723,69.27840128081237,1,Winter,120.70732837633399
2025-02-20,32.75575987761262,60.570131248970846,0,Winter,140.99244343952466
2025-02-21,25.578373171464293,62.68592278863257,0,Winter,122.74405526854103
2025-02-22,30.896485920319133,75.28468426412532,0,Winter,110.54405543067902
2025-02-23,25.337592407050543,65.07835756289624,0,Winter,119.96664301361201
2025-02-24,35.303739624409936,65.38296079049633,1,Winter,152.2499220246865
2025-02-25,33.77670421221602,70.72507337309803,0,Winter,116.84355768347174
2025-02-26,23.75517925760463,56.350472704571146,0,Winter,117.30813215494277
2025-02-27,29.85785475477178,51.607903326609936,0,Winter,143.91125113841537
2025-02-28,28.226879747925736,49.55190805978967,0,Winter,134.87519370815625
2025-03-01,31.843157787661745,40.33643410623998,0,Spring,166.96914016265094
2025-03-02,20.17538269709948,80.56207129940321,0,Spring,86.3603391650777
2025-03-03,28.430257299992196,48.96791634278317,0,Spring,146.88465458622963
2025-03-04,30.29212243424794,57.78746376414228,0,Spring,135.32180434058995
2025-03-05,16.20630256788443,57.23186700111079,0,Spring,101.62543792959893
2025-03-06,19.083707436671126,63.07406697809101,0,Spring,99.3220595755789
2025-03-07,14.803839111199498,68.15737212539297,1,Spring,123.61971456079287
2025-03-08,23.652965827777212,68.60473488359746,0,Spring,108.2955743496849
2025-03-09,28.58771127897981,54.16922561431062,0,Spring,135.72648653960596
2025-03-10,32.51178526048014,58.32878286213589,0,Spring,135.440848498927
2025-03-11,25.370473902098876,62.825799504882994,0,Spring,106.37320918131638
2025-03-12,33.14307772785646,57.51308873816453,0,Spring,134.66226025504395
2025-03-13,18.099492708925542,76.07345576019992,1,Spring,121.64589721324981
2025-03-14,16.483087803224226,64.90974951638252,0,Spring,89.19927347686234
2025-03-15,24.722261505516904,67.34877786049817,0,Spring,109.36875532639196
2025-03-16,26.920327244696537,66.62881268667412,0,Spring,118.93465532535788
2025-03-17,24.836526259529535,71.73473857485325,0,Spring,95.79633131676773
2025-03-18,14.662789499800617,61.81021558703707,0,Spring,97.53380799295105
2025-03-19,24.55439980243606,47.03168052044153,0,Spring,143.2508565117631
2025-03-20,18.477652497475734,63.996879517526416,0,Spring,101.0224823281981
2025-03-21,28.348362744150194,53.48643106208171,0,Spring,150.80909417351165
2025-03-22,26.83299123048424,54.713833182502434,0,Spring,123.25223639282386
2025-03-23,20.300601068363225,65.86364018755093,0,Spring,107.09938450481945
2025-03-24,22.430665413316532,72.38283071433636,0,Spring,95.4230760681462
2025-03-25,19.70393239055524,60.21271576736061,0,Spring,112.94839190425293
2025-03-26,24.68660451363414,63.088330125989636,0,Spring,116.94724959678005
2025-03-27,29.775711602506192,77.02214944635239,0,Spring,100.35241804993382
2025-03-28,20.07136976832228,62.407531794885685,0,Spring,107.67642380661273
2025-03-29,27.520232577589223,86.01683114180395,0,Spring,76.72571118548109
2025-03-30,22.348711908137794,65.65509645631545,0,Spring,109.23101663465938
2025-03-31,21.03563583868828,42.39237240844182,0,Spring,139.97350539466646
2025-04-01,24.464848200227213,67.53341621104532,0,Spring,110.82287292710195
2025-04-02,19.82378838790313,63.81158384882778,0,Spring,109.22079262800034
2025-04-03,22.23175347326409,72.89752754082745,1,Spring,126.95531483633555
2025-04-04,19.010610537055758,66.73181351269959,0,Spring,98.66394790405352
2025-04-05,34.82362566458195,58.615440160162265,0,Spring,137.31874940561403
2025-04-06,25.176317759858645,47.757017637106344,0,Spring,135.15600524581254
2025-04-07,21.50137246003707,57.90976742713975,0,Spring,122.07176688025116
2025-04-08,26.06989955367111,51.494795457907,0,Spring,142.0792829490116
2025-04-09,24.43835975154585,54.19476550195277,0,Spring,126.39401906860226
2025-04-10,23.895152002333884,65.88578404420609,0,Spring,109.191641674625
2025-04-11,28.070833500217127,76.69904504351406,0,Spring,96.57002756019433
2025-04-12,28.787538550236526,63.94671529822981,0,Spring,127.51878837946556
2025-04-13,22.34749426194736,48.04116937964815,0,Spring,135.9603185728814
2025-04-14,22.1209087967766,64.4460266822014,0,Spring,117.27886475256983
2025-04-15,23.62474151424178,71.96631486645651,0,Spring,94.90839534290009
2025-04-16,13.490394176322075,53.90217095680618,0,Spring,104.23749242234379
2025-04-17,17.42404468900724,58.65982833327082,0,Spring,108.01557649073611
2025-04-18,31.834371337222624,60.14688194729197,0,Spring,136.68086744213616
2025-04-19,33.22483856750642,52.151016869177596,0,Spring,147.1448136435083
2025-04-20,23.75481980221811,66.4828043384386,0,Spring,103.42062764450982
2025-04-21,27.882784815278832,58.79051851392219,0,Spring,131.98682950429225
2025-04-22,26.556250772717682,64.19532443907028,0,Spring,120.42519169955786
2025-04-23,40.39440404227619,51.125078221978995,1,Spring,189.51982024876526
2025-04-24,30.597874557172883,55.62541699676589,0,Spring,144.5348376247244
2025-04-25,24.360412042596167,67.22381357827771,0,Spring,113.73609726375878
2025-04-26,20.22229779699787,56.27166847908233,0,Spring,116.70857536161121
2025-04-27,16.96776839871214,77.26963851233405,0,Spring,78.42906834080337
2025-04-28,26.017318179336115,56.003638143853976,0,Spring,130.79946799847082
2025-04-29,21.218246273578483,62.24684725751886,0,Spring,104.7577063095974
2025-04-30,17.88873145201163,69.3259083187309,0,Spring,91.93875782174733
2025-05-01,21.767135578787368,45.816342670669684,0,Spring,124.04783942852431
2025-05-02,19.592259981928024,42.39191188019224,0,Spring,139.97893037108238
2025-05-03,33.43570817536282,44.74343685429905,0,Spring,151.94879495706778
2025-05-04,29.408198784747253,72.62584103427182,1,Spring,147.39473516023176
2025-05-05,24.960136793416915,54.481418541075534,0,Spring,126.54754530538827
2025-05-06,32.39972069445013,85.58199285668252,0,Spring,95.3681171942206
2025-05-07,25.38684153823809,54.357524013426115,0,Spring,126.09872752591448
2025-05-08,20.69357899335868,61.84551303197037,1,Spring,137.17869406915142
2025-05-09,32.61562038634828,75.42109952567876,0,Spring,119.19224820991862
2025-05-10,27.694550218423295,80.06092888159122,0,Spring,82.85866383178436
2025-05-11,19.81376922836772,80.61503576636397,0,Spring,85.08981173763041
2025-05-12,24.04830660958196,72.08366230593143,0,Spring,101.66123716577533
2025-05-13,20.621908733076214,70.24062525811462,0,Spring,89.84777133969442
2025-05-14,18.086001345178317,65.92526949201184,0,Spring,91.9075364870927
2025-05-15,29.630887737658206,67.78361076166638,0,Spring,125.96832446885786
2025-05-16,34.54708320235065,54.488142836714665,0,Spring,142.63441774991566
2025-05-17,18.007162130904295,51.81801116577693,0,Spring,112.5205549601634
2025-05-18,27.814846183452854,59.96625542589048,0,Spring,131.36688193989363
2025-05-19,21.746787154390866,58.298153774750716,0,Spring,117.73910802808523
2025-05-20,22.56437308117652,55.46771950672725,0,Spring,117.23753901958017
2025-05-21,22.038030378805654,66.96387447456715,0,Spring,104.71337392278369
2025-05-22,20.68004615160092,69.5530520857051,1,Spring,121.9017507564428
2025-05-23,25.242608139724133,60.884068862918475,0,Spring,124.66321997718357
2025-05-24,20.84524941794481,74.77530081055262,0,Spring,94.83440244442636
2025-05-25,26.352284128899193,48.58310885866495,0,Spring,142.48993596391068
2025-05-26,24.748809452754315,58.06340540720282,1,Spring,154.21081610093947
2025-05-27,23.80525976566795,52.831776793971954,0,Spring,137.16879496471483
2025-05-28,20.46218168979201,41.3346338292694,0,Spring,138.92084427262103
2025-05-29,22.116143347158335,59.17319314157301,0,Spring,109.56312635485315
2025-05-30,28.77695612912878,58.78252491616716,0,Spring,131.62749444816836
2025-05-31,27.504585938121902,75.13449743242131,0,Spring,112.73766097529742
2025-06-01,20.112223776007244,66.30811684554777,0,Summer,98.68847481776356
2025-06-02,25.49666152714613,49.758131756707954,0,Summer,137.5488115857604
2025-06-03,28.756935616858947,78.54092566334188,1,Summer,134.78471292921233
2025-06-04,16.652973594393142,72.21033695525352,0,Summer,87.72091751087731
2025-06-05,27.716800961899676,65.82097703468615,0,Summer,114.79061846988355
2025-06-06,21.686881205270765,57.73515901150168,0,Summer,125.38031317444137
2025-06-07,27.852993342965796,50.405607632765204,0,Summer,154.69777884687005
2025-06-08,21.183704217287417,56.27793223928947,0,Summer,121.93116737076018
2025-06-09,15.975589496677404,70.88748619704185,0,Summer,84.09960824911204
2025-06-10,16.862287810584185,78.84586305934609,0,Summer,70.71097840688188
2025-06-11,25.24042473330691,75.43243528272188,0,Summer,101.6220764486369
2025-06-12,26.29861250860741,55.11150578213726,1,Summer,168.44935306059023
2025-06-13,20.478416874477958,48.80382566710989,0,Summer,133.126933980768
2025-06-14,28.19296229388687,61.40886246911204,0,Summer,127.26061167951141
2025-06-15,16.6923996886552,42.31560634437149,1,Summer,159.96503160180663
2025-06-16,24.66960100676342,63.23167714184781,0,Summer,112.03086813716467
2025-06-17,18.944919001187717,58.52397413701331,0,Summer,117.27763342847989
2025-06-18,21.740819460989204,55.33963498131758,0,Summer,128.04104455692996
2025-06-19,25.23699335658207,44.05296932733204,0,Summer,139.66588378871242
2025-06-20,20.69793317358024,65.13600106569717,0,Summer,114.64105963951813
2025-06-21,23.077222278850872,54.672991603380886,0,Summer,130.01531325710042
2025-06-22,30.0314640460722,48.30083164289712,0,Summer,157.60965385352767
2025-06-23,22.115540652384254,31.277377867183507,0,Summer,153.6043757615677
2025-06-24,29.17846056032571,59.724850949493636,0,Summer,124.94052391933378
2025-06-25,19.351465726711908,77.72251596669744,0,Summer,84.37431095454116
2025-06-26,27.649020889576413,76.6125921454787,0,Summer,105.89307569541076
2025-06-27,32.207843103289505,55.429037434137285,1,Summer,183.2539341700079
2025-06-28,12.641777499363553,53.97787939638219,0,Summer,110.84713047322948
2025-06-29,21.015523722647615,64.68774256075024,0,Summer,106.7860272201097
2025-06-30,27.8853606359027,50.016145608117085,0,Summer,138.61465682130031
2025-07-01,23.984773069785035,63.01791899819466,0,Summer,122.59267050587383
2025-07-02,26.855729366856544,67.6608027838469,1,Summer,140.39672742918916
2025-07-03,21.980074066420897,72.26933223884308,0,Summer,106.6984925484388
2025-07-04,25.4329489373645,58.99845923520047,0,Summer,123.94628577389575
2025-07-05,24.221613823039604,57.96326249823034,0,Summer,132.45124426182295
2025-07-06,30.838910308299035,51.22017413243439,0,Summer,151.24221586824288
2025-07-07,26.272104216506065,51.7311964596014,0,Summer,137.2624362963977
2025-07-08,26.68801331037601,57.73521108098473,1,Summer,157.17622814014427
2025-07-09,22.940615169387662,63.67365506816178,0,Summer,111.66620834980225
2025-07-10,22.561968879637533,69.13584626233249,0,Summer,106.56175182765253
2025-07-11,22.837209060901895,51.96821049319655,0,Summer,131.10788486309755
2025-07-12,26.972260711891483,74.92688568959522,0,Summer,101.5851358490466
2025-07-13,22.895077595898684,57.28876398957431,0,Summer,122.02885215584773
2025-07-14,26.448874284482066,59.78632705651564,0,Summer,126.61114313278642
2025-07-15,35.37700399322719,52.527883208521764,0,Summer,144.31851270159768
2025-07-16,29.355623517158463,35.75759739727059,0,Summer,170.36569151235452
2025-07-17,23.369882339160796,68.8404539636105,0,Summer,101.58047760932182
2025-07-18,31.006069610819722,67.36843897092433,0,Summer,118.19281874922422
2025-07-19,22.959623134892244,57.18672442881787,0,Summer,114.70243789100412
2025-07-20,14.80937732411073,60.66990717224872,0,Summer,92.64443140050894
2025-07-21,19.95956844541298,65.159392177041,0,Summer,98.40281110970301
2025-07-22,15.646040394870722,44.374541431134574,0,Summer,124.18516385488712
2025-07-23,23.24243257979346,54.70947322653705,0,Summer,137.1869510074142
2025-07-24,25.092091895947757,67.94264679621827,0,Summer,108.64081521809209
2025-07-25,33.382186561376415,47.45710576830751,0,Summer,159.46746500163172
2025-07-26,26.634636868820813,62.935579321666296,0,Summer,123.86831168767382
2025-07-27,23.90449735595568,46.43418195376595,0,Summer,141.81304771234167
2025-07-28,29.147027905917447,64.66429982433526,0,Summer,123.91038877170203
2025-07-29,13.944323454960575,59.643585177025166,0,Summer,95.44680032638718
2025-07-30,26.178072790542828,43.848681840944906,0,Summer,156.83776056106436
2025-07-31,28.854325969434832,71.64739354457171,0,Summer,122.27354484020152
2025-08-01,17.607068771100792,52.65408423201951,0,Summer,110.8197177235589
2025-08-02,30.718770216034645,51.89747562985619,0,Summer,141.47118403285313
2025-08-03,26.69248203747207,62.00569197230943,1,Summer,151.97737440459497
2025-08-04,22.923560430495993,71.48637349428715,0,Summer,96.7948716450103
2025-08-05,28.163909330531425,49.841781810216034,0,Summer,147.09497371301813
2025-08-06,36.35346428902198,60.61679849847972,0,Summer,141.1403698182913
2025-08-07,25.909331275292477,64.28816500330574,1,Summer,159.21169538465935
2025-08-08,26.24110293150168,66.93105607263143,0,Summer,121.03836472577419
2025-08-09,22.70319550229878,61.76441555277225,0,Summer,116.82263782860025
2025-08-10,20.75077815267604,56.329721609166775,0,Summer,125.14190520820058
2025-08-11,29.151679082721227,51.724097793512804,0,Summer,149.2467135969598
2025-08-12,20.719580870455665,60.86143883046375,0,Summer,110.3272660549245
2025-08-13,25.357831186096963,49.27860988014393,0,Summer,135.71666132926822
2025-08-14,22.611712766174417,30.78649516505393,0,Summer,162.43439809961617
2025-08-15,27.39489912873196,64.36559804157667,0,Summer,125.54958181758863
2025-08-16,26.66831052643474,69.03934841086195,1,Summer,143.47290042984366
2025-08-17,30.187699721289498,36.37067564458162,0,Summer,160.93440356475156
2025-08-18,22.449918005726264,49.90269295290062,0,Summer,129.0316743623474
2025-08-19,23.650625323533145,66.19154261005198,0,Summer,110.64407241401642
2025-08-20,20.106181421088465,80.574954697117,0,Summer,81.9716027748723
2025-08-21,22.77853369961944,60.20793707675408,0,Summer,128.1078726680568
2025-08-22,26.88650246522426,52.71997058770866,0,Summer,130.76310933689055
2025-08-23,28.78494308322676,58.1710355889516,0,Summer,135.84127899220547
2025-08-24,20.389173379111874,73.74876419148185,0,Summer,100.60076601264241
2025-08-25,29.3480296005283,53.54035820875465,0,Summer,152.7427706150386
2025-08-26,31.778189294024756,52.00807993349746,0,Summer,146.52227157188352
2025-08-27,27.067174516118506,55.17256477817968,0,Summer,136.83264912856848
2025-08-28,34.38397906279033,50.466713917412875,0,Summer,158.9166890354546
2025-08-29,21.131054004482134,61.22670315994795,0,Summer,114.39946192680881
2025-08-30,18.776726483442914,76.2467845846956,0,Summer,85.6890500836459
2025-08-31,16.106398755478608,63.23079273116029,1,Summer,132.546485361717
2025-09-01,32.480221557445915,57.47646497873713,0,Autumn,125.0845152206877
2025-09-02,28.27182828177029,57.08188731084456,0,Autumn,133.3311730475869
2025-09-03,24.722076645447725,44.36809191303343,0,Autumn,142.52290493965512
2025-09-04,26.399843131599102,68.83109777147159,0,Autumn,107.44066512209949
2025-09-05,19.372554763508116,59.22162802987198,0,Autumn,119.14697846080605
2025-09-06,37.228759898084135,58.19520086409374,0,Autumn,142.7900484060749
2025-09-07,25.646105909876137,91.93107567844861,0,Autumn,70.38021835675421
2025-09-08,25.546973973024464,62.98752908365686,0,Autumn,125.57042083158731
2025-09-09,28.62883311949346,52.48208949904816,0,Autumn,133.3742254661654
2025-09-10,27.405046158683568,55.736424037944566,1,Autumn,157.4548798457676
2025-09-11,26.119420121395656,71.48445709196756,0,Autumn,103.27702748768573
2025-09-12,21.04762772277344,61.13270410537764,0,Autumn,113.59987169812815
2025-09-13,27.357341785679978,45.61722021682633,0,Autumn,146.32786578288702
2025-09-14,34.41012248237517,69.19228934575203,0,Autumn,117.568684210361
2025-09-15,31.727100230774887,53.31855914461006,0,Autumn,139.81551892899873
2025-09-16,32.965933133196984,78.73297776217545,0,Autumn,103.79562745706973
2025-09-17,22.443921617844076,70.80048065714648,0,Autumn,97.3010170238532
2025-09-18,20.051975898707095,55.52678104341249,0,Autumn,117.9429985254446
2025-09-19,24.37106539950176,72.81016361735112,0,Autumn,100.6179141524167
2025-09-20,25.278624561443472,60.678555105274036,0,Autumn,109.65935769473387
2025-09-21,30.470957592354743,68.52773675122219,0,Autumn,122.47001499568047
2025-09-22,16.537676851425903,64.84732817294474,0,Autumn,96.0672056734178
2025-09-23,32.64775159730307,51.536433450091266,0,Autumn,153.91351325743875
2025-09-24,24.209960507105052,53.56450167682538,0,Autumn,129.2941601354254
2025-09-25,22.8655946502629,70.29960817581161,0,Autumn,104.7883918254872
2025-09-26,19.93947812369916,56.65224667893459,0,Autumn,116.23331278624708
2025-09-27,16.725716640671152,55.96351536758003,0,Autumn,115.237289010986
2025-09-28,29.115852919809573,50.44877420650647,0,Autumn,144.1697977099483
2025-09-29,25.36658983594202,64.23599065593461,0,Autumn,112.88961745576759
2025-09-30,18.55019550129473,80.62524919243145,0,Autumn,86.52469081617669
2025-10-01,18.52460613968192,49.32467085745727,0,Autumn,126.5073916045774
2025-10-02,23.32107650354936,60.24219456672758,0,Autumn,118.14758326202943
2025-10-03,33.34510762644696,74.12220555415429,0,Autumn,108.1253848389708
2025-10-04,23.702043243181976,59.203586087542845,0,Autumn,111.157169267732
2025-10-05,17.48428523440947,64.52371796249734,1,Autumn,128.6465709357822
2025-10-06,23.77128467957028,49.376064718531204,1,Autumn,163.20607827018495
2025-10-07,23.636382151261646,64.28307097207649,0,Autumn,106.77754501936698
2025-10-08,11.515566785292142,58.12855734995451,0,Autumn,95.54321104371283
2025-10-09,24.72852566741094,69.85729995679863,0,Autumn,111.61423603984191
2025-10-10,23.84532734895661,71.87386051564751,1,Autumn,132.35687629719345
2025-10-11,28.48103182406709,85.89563642018614,0,Autumn,81.4135664690913
2025-10-12,34.244780474726724,65.79633173213576,0,Autumn,128.2375192155351
2025-10-13,30.632825147738785,63.257963165821664,0,Autumn,121.35387314248226
2025-10-14,23.655556547225846,61.94384301577336,0,Autumn,111.45684898874883
2025-10-15,19.467370456291647,56.46833707189312,0,Autumn,111.16415697659541
2025-10-16,37.8667990162493,63.38483843461691,0,Autumn,137.2681124675532
2025-10-17,25.29609217007244,57.04598589860971,0,Autumn,117.74752863236334
2025-10-18,25.06964645956473,61.68460976269614,0,Autumn,115.9741048674943
2025-10-19,24.879374564449982,73.17597535607959,0,Autumn,96.19174791054402
2025-10-20,25.990423803839274,49.934574347203586,0,Autumn,121.43174263686181
2025-10-21,24.278197940380288,71.39878561129045,0,Autumn,110.7230775863332
2025-10-22,22.131689965598817,73.17115067339866,0,Autumn,98.95050219218301
2025-10-23,22.26570529379804,58.81931473008921,0,Autumn,113.42093486783729
2025-10-24,24.836233648920008,38.78145100991405,0,Autumn,150.59438603167192
2025-10-25,22.282876144331176,53.921780129055676,0,Autumn,116.82481035849102
2025-10-26,21.435771086614178,72.96994546561109,0,Autumn,100.89523836386606
2025-10-27,25.532151138459483,59.77131937701118,0,Autumn,129.89376668526776
2025-10-28,23.725113912895722,50.00697767705089,0,Autumn,132.2232299514477
2025-10-29,32.51996494291345,54.95225078771782,0,Autumn,146.72920692517687
2025-10-30,11.745150958034941,68.40620026504553,0,Autumn,80.75743541317121
2025-10-31,30.45753425961231,65.4673356820138,0,Autumn,115.03043780182426
2025-11-01,31.230425962488145,57.61067900830306,0,Autumn,132.98571656770343
2025-11-02,14.633048837959253,56.33175588185313,0,Autumn,104.4281036869986
2025-11-03,23.286562029598258,56.08241850956178,0,Autumn,119.17675770113662
2025-11-04,23.142795670021044,50.77589815501497,0,Autumn,128.02847772034445
2025-11-05,17.962441526410892,76.15375689469442,0,Autumn,80.23724992323457
2025-11-06,21.110916562045624,56.7767953078866,0,Autumn,115.65224767293404
2025-11-07,19.447120772670857,72.17158520825497,0,Autumn,89.89815618544667
2025-11-08,33.761352217118116,75.21316051922452,0,Autumn,108.39993832341645
2025-11-09,29.678391965737305,69.9831089814796,0,Autumn,109.79703971361552
2025-11-10,31.357775474970794,55.683796872819514,0,Autumn,131.76693431221247
2025-11-11,28.608360320216175,64.03730090336609,0,Autumn,125.04984703381423
2025-11-12,19.354741143913856,59.758043936090836,0,Autumn,97.54418167448983
2025-11-13,22.37739866860113,50.96298139269872,0,Autumn,133.07827696473882
2025-11-14,27.44687280613959,63.24359281721603,0,Autumn,125.96010337276934
2025-11-15,18.889360955540273,48.20960208840198,0,Autumn,122.95341584356447
2025-11-16,28.56499215086194,71.87679388461564,0,Autumn,95.29910803566393
2025-11-17,23.798373009209325,55.35382702701607,0,Autumn,121.7594526680581
2025-11-18,23.125895962252013,62.01159655872839,0,Autumn,111.91347627996734
2025-11-19,28.554799841017456,62.83287871546142,0,Autumn,116.80729050919821
2025-11-20,27.2213165574302,57.410950262959226,1,Autumn,154.75011575138035
2025-11-21,23.1951691709046,65.86693801475275,0,Autumn,114.24090731399683
2025-11-22,30.79664901682124,55.25096343377476,0,Autumn,141.04148869448903
2025-11-23,19.594683362000513,68.71297297457244,0,Autumn,90.49708669025186
2025-11-24,28.07967803472132,46.54020319753251,0,Autumn,137.36105542516668
2025-11-25,27.96550628984192,61.26379579546412,0,Autumn,121.40023229843881
2025-11-26,23.452267803430047,79.38928999058285,0,Autumn,85.75331672423363
2025-11-27,26.63066511121059,49.99668675394425,0,Autumn,139.7472960283214
2025-11-28,18.744432118073483,53.222550294751485,0,Autumn,113.97845523118146
2025-11-29,29.620135096034506,65.13907849658915,0,Autumn,123.08915032399459
2025-11-30,24.075489317785056,61.79581781939598,0,Autumn,124.13302210677729
2025-12-01,22.386384897404803,63.50630099273559,0,Winter,111.59082341792754
2025-12-02,30.245046129184445,64.89187130147664,0,Winter,120.91184276950007
2025-12-03,21.478281547286205,66.3472146856177,0,Winter,100.51998871087937
2025-12-04,17.957693518182204,71.09699841956223,0,Winter,85.48652373612171
2025-12-05,17.216854132380483,64.09818656928513,0,Winter,102.18963297309399
2025-12-06,28.030049756728197,57.58742345381457,0,Winter,124.54239710297803
2025-12-07,18.597853237518585,66.72573701202731,0,Winter,95.33321450199612
2025-12-08,33.77397090992182,78.99881934895215,0,Winter,107.30570230582083
2025-12-09,14.59035296058139,58.67366253617426,0,Winter,96.66129115284372
2025-12-10,33.48228184145019,50.254706953293585,0,Winter,142.72017551353952
2025-12-11,26.05508733601309,71.07080669286972,0,Winter,105.11883715080994
2025-12-12,24.516434440648037,58.796188360464015,0,Winter,118.53356648132313
2025-12-13,22.275404565955252,38.27330453985964,0,Winter,147.6420546693039
2025-12-14,26.995680571760353,68.47421677150422,0,Winter,106.61203445406855
2025-12-15,24.81182648787576,54.64671814046077,0,Winter,131.7576822591256
2025-12-16,30.516509410082605,59.094667176958396,0,Winter,126.0071491486684
2025-12-17,25.571138243310198,63.319803305690144,0,Winter,122.72277294817465
2025-12-18,25.75150880730939,61.904996797790666,0,Winter,107.90733986879145
2025-12-19,23.18193893893072,67.09451817139039,0,Winter,105.89595094356031
2025-12-20,24.715271881394663,55.645136294301565,0,Winter,126.33999273397009
2025-12-21,26.539008844460295,65.13105798176083,0,Winter,109.40364537657493
2025-12-22,16.449158036716874,57.40453322416083,0,Winter,106.91348592649756
2025-12-23,18.259072889471433,67.38810480887503,0,Winter,99.83358191443112
2025-12-24,28.716320470113576,66.15367484013053,0,Winter,105.11803448326103
2025-12-25,25.854327190639708,50.645612979554045,0,Winter,136.2539589494024
2025-12-26,24.080083318236603,70.85982116175032,0,Winter,87.40408079219733
2025-12-27,25.092169665326967,54.64036554885952,0,Winter,121.3954669897486
2025-12-28,26.737908526808354,68.08057798281145,0,Winter,117.50078190390427
2025-12-29,22.301201598453193,63.67287313401341,0,Winter,104.18418332892601
2025-12-30,21.108476372988438,78.38183676795123,0,Winter,76.77479777200517
2025-12-31,25.979226275488408,57.76534017628148,0,Winter,122.3207536416312
2026-01-01,20.10813611192484,56.506832038818025,0,Winter,123.7955558564404
2026-01-02,27.041263778572358,59.805803941122676,0,Winter,113.21541040943058
2026-01-03,16.4870819788108,56.968202171657246,0,Winter,100.26531114193901
2026-01-04,30.14577818662822,67.9994190194205,0,Winter,123.77958626002382
2026-01-05,27.362987412065216,43.83689391563412,0,Winter,156.25914566836792
2026-01-06,26.28014867156938,49.46317580853646,0,Winter,135.84837750888263
2026-01-07,29.91345491972757,49.32197078420807,0,Winter,137.64869015050985
2026-01-08,33.32737222231288,69.50307591973575,0,Winter,130.87934807406793
2026-01-09,30.07185032509065,77.10613372581925,0,Winter,110.45671202019841
2026-01-10,15.795628843341774,58.955507814625285,1,Winter,134.55273090355678
2026-01-11,18.602115166321493,58.311782768099896,0,Winter,103.67454443580606
2026-01-12,21.875907111521606,60.700521631131814,0,Winter,110.4558850721553
2026-01-13,25.13045525105417,71.6187830260819,0,Winter,100.03093555776132
2026-01-14,27.588295102345615,50.72646865809426,0,Winter,138.74114374062773
2026-01-15,21.371280934232672,62.38368982734785,0,Winter,114.42203431810024
2026-01-16,25.93383382238539,69.7519762978243,1,Winter,139.63678840372134
2026-01-17,21.22308533823339,65.01094169939846,0,Winter,97.54287774244531
2026-01-18,21.942410985040258,61.89581616598743,0,Winter,115.92357997119706
2026-01-19,17.96669451575889,70.01046092567141,0,Winter,90.48335834307643
2026-01-20,20.38383376944548,32.967677070007625,0,Winter,152.7514809131741
2026-01-21,18.24157697191833,66.77875319530908,0,Winter,101.64772844726606
2026-01-22,20.120633735113337,53.45924316872576,0,Winter,112.49450146957028
2026-01-23,30.268208983039198,41.69367103143543,1,Winter,185.81678352539294
2026-01-24,20.253005555840286,65.11202599524981,0,Winter,98.18069936200978
2026-01-25,38.161910324186955,73.73658545162958,0,Winter,115.87964534410226
2026-01-26,27.466589504404446,58.62551485372308,0,Winter,126.72845661624886
2026-01-27,25.92418061847437,69.52874547202939,0,Winter,118.11302578682678
2026-01-28,20.708211099093933,76.12278257988646,0,Winter,76.0318596058294
2026-01-29,28.501549397044958,73.14914453584048,0,Winter,105.11797893508185
2026-01-30,22.12181086881113,76.39964529371393,0,Winter,90.84686847242523
2026-01-31,25.610049073226808,67.42127491071892,0,Winter,108.70357678865614
2026-02-01,37.800422691343975,60.754336389015926,0,Winter,141.90370053658535
2026-02-02,24.51970050137675,43.980341881028316,0,Winter,134.57280636398193
2026-02-03,30.74636663142838,57.53937511870051,0,Winter,134.34760429950683
2026-02-04,21.48411787437056,51.567534046838084,0,Winter,119.83311479340436
2026-02-05,24.82505754751519,81.70942717497815,0,Winter,74.13636580767039
2026-02-06,33.85400317817755,58.24114187567663,0,Winter,144.31925464540882
2026-02-07,21.865164711061162,61.23204806784486,0,Winter,114.67418641956525
2026-02-08,34.062242789984644,65.51485376040468,0,Winter,128.1105098236177
2026-02-09,28.538759677277376,60.436024463724536,0,Winter,125.56885609999645
2026-02-10,22.18766612052866,76.95051040430752,0,Winter,92.32115669817385
2026-02-11,28.162038695277605,53.77350638265548,0,Winter,134.78551610046242
2026-02-12,29.86277224813365,61.94607455237243,0,Winter,129.32652044151524
2026-02-13,28.10904981108598,52.57529414301952,0,Winter,133.86774740327343
2026-02-14,17.148876400547717,46.79977488779294,0,Winter,128.65800916227576
2026-02-15,21.364314120875658,53.882309090947146,0,Winter,121.50909323499403
2026-02-16,23.762406822242475,59.62963202951588,0,Winter,117.05062531824049
2026-02-17,24.62783285449977,55.7069777548274,0,Winter,117.34489363319827
2026-02-18,28.103360487753392,53.07579020126144,0,Winter,136.02781494512317
2026-02-19,25.888505004666268,45.93682536328166,0,Winter,136.7119973769378
2026-02-20,18.323278206449494,59.16894427371305,0,Winter,102.70172636968694
2026-02-21,26.900989255029817,44.952796259689975,0,Winter,140.29590597894406
2026-02-22,28.052928726419115,67.60055963689602,0,Winter,107.37384333799807
2026-02-23,27.7989522396552,60.824397529345035,0,Winter,132.98516520037765
2026-02-24,30.403903627773108,45.4244850053507,0,Winter,157.3277750574622
2026-02-25,29.16961077274452,56.907909229501364,0,Winter,140.5791952119583
2026-02-26,27.295900396142184,52.478435944094166,0,Winter,127.75967177836532
2026-02-27,24.649171442706766,63.1917451041918,1,Winter,142.86699397868028
2026-02-28,16.69519533242004,73.40450446023145,0,Winter,74.81609584847243
2026-03-01,27.148091095662927,41.248275303542556,0,Spring,148.9452948500267
2026-03-02,26.038438435815557,61.150260791474174,0,Spring,115.76085076733698
2026-03-03,26.357894185976868,58.398672044333594,0,Spring,131.31570033766116
2026-03-04,18.616257120898453,66.71340076450466,0,Spring,95.18126470453113
2026-03-05,19.594717297958688,62.131966282376894,0,Spring,111.33338184082213
2026-03-06,30.26576426666452,52.48030668261181,0,Spring,144.8316729573539
2026-03-07,24.802224230716725,56.80946064333382,0,Spring,135.90845125695665
2026-03-08,28.40750348686312,52.03974143196511,0,Spring,131.35817371007997
2026-03-09,25.141591880652307,70.76007138598598,0,Spring,110.43924288125963
2026-03-10,25.148780697478728,60.21311648671942,0,Spring,125.71009101688196
2026-03-11,29.691419029879988,79.01190685753008,0,Spring,95.99808358332969
2026-03-12,22.41977635891313,59.39339186185379,0,Spring,120.78513160741137
2026-03-13,25.480603884704916,52.91593233089537,0,Spring,133.26803408819794
2026-03-14,22.688623556474788,44.862856073871725,0,Spring,136.94558170237494
2026-03-15,22.82751886283842,41.96860323744055,1,Spring,168.58245543465603
2026-03-16,23.454139382656802,44.158640569945106,0,Spring,137.07477065315
2026-03-17,26.110668858168566,62.67126651011483,0,Spring,128.46349843009452
2026-03-18,22.606256891682612,65.08725023229934,0,Spring,107.58505252970363
2026-03-19,31.278780627867604,44.188092979678665,0,Spring,160.1860717938745
2026-03-20,20.52696348890248,68.95038314076115,0,Spring,93.67385535832548
2026-03-21,24.065641779193204,55.1693894831656,0,Spring,121.47793460252981
2026-03-22,22.801344708629124,61.467930119855495,0,Spring,118.81071828372471
2026-03-23,32.23488942176866,76.12220628255425,0,Spring,103.53858836194829
2026-03-24,25.982773882557872,68.96839315865532,0,Spring,106.43688918760641
2026-03-25,30.159222697343175,57.314693520941674,0,Spring,134.51654216863497
2026-03-26,17.57219813481514,51.08807774584713,0,Spring,119.06914266005984
2026-03-27,26.335251329346296,38.48184598670695,1,Spring,184.0522672535514
2026-03-28,29.448153978117183,52.8084668075758,0,Spring,141.6627066503503
2026-03-29,25.41141994637712,57.88869761172305,0,Spring,127.4540722542587
2026-03-30,30.327401875326757,50.12820472848816,0,Spring,149.13568438521793
2026-03-31,22.41355774949814,58.68743032907695,0,Spring,111.86695096204171
2026-04-01,32.0467372009279,60.768518829587684,0,Spring,131.51992066783032
2026-04-02,36.49449061809625,57.751440181919214,0,Spring,152.33563527269837
2026-04-03,23.185807197801704,53.4999741917654,0,Spring,130.59488904582466
2026-04-04,22.77248739299614,61.68654671966728,0,Spring,106.15085744908603
2026-04-05,32.2669223855885,64.41940649569409,0,Spring,129.66213452939687
2026-04-06,32.89786072865356,49.096009225571535,0,Spring,142.2605813720758
2026-04-07,22.385699864233658,74.10932379746271,0,Spring,93.8420885425751
2026-04-08,22.899065914520712,59.014118677157384,0,Spring,126.76578889703522
2026-04-09,23.591076955697464,60.188496229448475,0,Spring,112.1599459808773
2026-04-10,18.277747444828613,67.08214423256557,0,Spring,91.76066331335097
2026-04-11,20.40674026757901,62.332161312635016,0,Spring,111.13538747406979
2026-04-12,19.97929616623966,69.53136633913245,0,Spring,87.94753524773242
2026-04-13,21.161012174479357,62.87124165201824,0,Spring,104.85138672150616
2026-04-14,24.826575563066093,53.87562625359562,0,Spring,131.8219174336475
2026-04-15,26.171073662682602,63.61503525206102,0,Spring,113.74816520882666
2026-04-16,32.75250246407038,48.56273792679338,0,Spring,151.48104810189582
2026-04-17,20.008229796306047,61.085597057765234,0,Spring,112.10899255753941
2026-04-18,29.921611992382918,59.66770009355539,0,Spring,132.44940426211556
2026-04-19,23.930055778872454,57.918831427274604,0,Spring,122.31595639831
2026-04-20,24.752681451737836,58.71462488561069,0,Spring,119.73781417870944
2026-04-21,28.37409746083302,41.18150954502361,0,Spring,156.82623618047538
2026-04-22,19.386389892188507,54.512750922590385,0,Spring,116.38498999999264
2026-04-23,26.912048730920255,60.928449011411146,0,Spring,124.72045199435271
2026-04-24,25.83226104106528,61.598563919974005,0,Spring,116.78201607657965
2026-04-25,27.462256320040744,49.72324859074042,0,Spring,139.42679488207315
2026-04-26,26.44584321953909,72.65707840864701,1,Spring,128.9562798633476
2026-04-27,37.276500699554475,51.33825151785499,1,Spring,187.37058607229525
2026-04-28,21.81130007874342,69.69457200526736,0,Spring,95.02573783144157
2026-04-29,22.345015224990913,64.27194361871685,0,Spring,102.71188277109658
2026-04-30,21.88429736787618,53.53772690156197,0,Spring,124.75531012268635
2026-05-01,22.222614404198726,77.75310892609512,0,Spring,88.87926429854306
2026-05-02,21.81306436346741,48.0636316824352,0,Spring,135.4450498780249
2026-05-03,30.94508265553776,69.19154173610002,0,Spring,115.94722485905
2026-05-04,32.102521239949276,70.00582318042979,1,Spring,151.23657194343764
2026-05-05,22.14626853125262,53.293797909233554,0,Spring,127.10582806002323
2026-05-06,20.838222134478855,73.92465300064329,0,Spring,93.01333380715074
2026-05-07,27.35707778193202,57.49953485401047,0,Spring,124.33658486883763
2026-05-08,22.238884778595143,62.88693629279857,0,Spring,110.89418252934837
2026-05-09,28.164659088777555,62.603218387712204,1,Spring,154.2451920762601
2026-05-10,26.0146151042565,58.65691258529452,0,Spring,124.07975366511093
2026-05-11,17.42127942501384,68.10808273159782,0,Spring,82.24804646077554
2026-05-12,32.737526006650306,67.93488720552213,0,Spring,124.37516932488482
2026-05-13,33.97938836547761,42.51468026761819,0,Spring,175.24941152651417
2026-05-14,21.93605654757807,73.04340242878152,0,Spring,92.50681310819894
2026-05-15,23.061492200320078,43.37508011964326,0,Spring,137.41997873189865
2026-05-16,26.429326953624525,70.32546204341658,0,Spring,109.23720364068116
2026-05-17,26.672283949935125,71.26705136827583,0,Spring,108.00588189978936
2026-05-18,28.29272136336415,49.09033569784802,0,Spring,148.91361500703837
2026-05-19,35.05102269383175,55.891857120454155,0,Spring,139.97491892743784
2026-05-20,24.11526386252975,48.94295331514064,0,Spring,138.47299901522348
2026-05-21,21.00851377730773,57.850789697112646,0,Spring,118.1929533152038
2026-05-22,18.103403859927365,56.919657158142584,0,Spring,110.11658929793812
2026-05-23,21.345349800290403,67.7966053226934,0,Spring,102.68922820614917
2026-05-24,24.834365135631014,73.10308746119608,0,Spring,105.1613864874597
2026-05-25,33.97278931758894,73.95683810789956,0,Spring,121.3718983734708
2026-05-26,22.411943504819142,54.37831973421698,0,Spring,117.54131084794417
2026-05-27,26.118939758194493,57.90778126255472,0,Spring,129.47699855633434
2026-05-28,24.91788551963624,43.1656180777905,0,Spring,144.76390089742415
2026-05-29,30.94196636724042,51.94129933503811,0,Spring,144.33635422200126
2026-05-30,37.63466212936811,69.64851633097457,0,Spring,131.16253471728285
2026-05-31,22.345656135398396,76.15582823548232,0,Spring,89.70635497358202
2026-06-01,22.55280278740889,47.65651128120078,0,Summer,142.57937613855194
2026-06-02,30.22080438534536,54.075357408471056,1,Summer,171.90998285873806
2026-06-03,28.40945744813156,59.73594243041073,0,Summer,124.61727060873118
2026-06-04,34.23353662868017,62.80161158819607,0,Summer,135.2970065952176
2026-06-05,27.919640926629818,51.90396480078354,0,Summer,141.8768082361367
2026-06-06,23.203539546064704,64.2406104446409,0,Summer,119.19223734665331
2026-06-07,27.953274153461546,55.26160652929084,0,Summer,139.029611937731
2026-06-08,30.543517902914537,59.855477291217206,0,Summer,130.05114347526805
2026-06-09,29.102410905986822,65.462842480037,1,Summer,165.4365076753126
2026-06-10,27.53637015553649,60.064222698109376,1,Summer,159.30028281879882
2026-06-11,30.333373447945768,55.63614109473431,0,Summer,146.58948894378514
2026-06-12,30.846477952228362,58.90390196074169,0,Summer,135.57853079545805
2026-06-13,31.910794955187637,59.11637040794665,0,Summer,140.81383052198257
2026-06-14,28.243549437948214,56.29988970117872,1,Summer,169.2346068467204
2026-06-15,24.164409598415727,57.41203937332897,1,Summer,161.30173369560927
2026-06-16,25.733568432166614,75.98647170504717,0,Summer,105.7742708336536
2026-06-17,31.032544832541785,65.6091944794124,0,Summer,131.01228294632986
2026-06-18,20.91532164506382,57.045196819708394,0,Summer,117.6874144045945
2026-06-19,26.843366544364507,66.96954404510736,0,Summer,113.37368681128768
2026-06-20,23.033305938363196,56.6618051024399,0,Summer,125.73694177468752
2026-06-21,25.143724114674086,71.73124637586642,0,Summer,110.35621902725389
2026-06-22,31.392259313036494,63.69642192198094,0,Summer,129.12628223921854
2026-06-23,25.955495340099517,58.92697855995771,0,Summer,131.8463826688344
2026-06-24,25.232182740780743,64.47716925810278,0,Summer,124.01169532183822
2026-06-25,18.200719295100406,44.291238479315005,1,Summer,158.38297627586118
2026-06-26,28.731267830136105,48.73232531090195,0,Summer,143.1794441749379
2026-06-27,28.227420905705376,48.060749936009444,0,Summer,146.66184161286992
2026-06-28,35.8162736165273,61.429430947637066,0,Summer,144.02646415254497
2026-06-29,23.461108825234994,77.32514999485092,0,Summer,91.31165758935836
2026-06-30,26.095751638319694,82.31300146192632,0,Summer,98.48301447808564
2026-07-01,26.246918418553776,66.38051101440757,0,Summer,118.04340462308845
2026-07-02,32.887266398817374,65.00844474944456,0,Summer,131.45910091467158
2026-07-03,24.523522338065238,41.989422658472606,0,Summer,141.88336306907894
2026-07-04,26.395107628851697,54.57326200265978,0,Summer,127.35124317157617
2026-07-05,28.039482548582697,52.12216248091761,0,Summer,142.300767627198
2026-07-06,25.93304561578179,53.79152401748884,0,Summer,123.51582707455614
2026-07-07,22.767831927247357,58.318561814152105,0,Summer,126.12100818148691
2026-07-08,25.97044996449154,55.27909422302873,0,Summer,131.23148937257838
2026-07-09,30.36815874929886,40.20700189624212,0,Summer,179.6412795022082
2026-07-10,19.8674235029447,67.47910256117534,0,Summer,113.05577441720695
2026-07-11,25.66484837073438,49.27256974260193,0,Summer,139.5135967813283
2026-07-12,21.499395925304135,62.39246864111149,0,Summer,111.87840387628445
2026-07-13,30.975233144624212,80.74082669749973,0,Summer,108.81713381300898
2026-07-14,17.384065476081126,50.80615408413577,0,Summer,130.07476287554877
2026-07-15,22.205390763642058,34.697124772536704,0,Summer,147.17494908129896
2026-07-16,26.886059375322603,57.139957781198895,0,Summer,122.13030475207343
2026-07-17,32.827620146171704,71.00959634998571,1,Summer,149.03067173959295
2026-07-18,24.67124869463506,79.58347454220593,0,Summer,95.88097349183055
2026-07-19,22.22400236653401,47.70450405547583,0,Summer,138.37561660239226
2026-07-20,34.40578534720295,64.96699223236521,0,Summer,139.70993962077733
2026-07-21,17.75993049791878,55.34689543219947,0,Summer,109.50103020571181
2026-07-22,14.005970216899591,58.94051645695864,0,Summer,91.02044643351684
2026-07-23,27.20007225026666,86.44343347017035,0,Summer,92.02506527178852
2026-07-24,22.489728878236946,44.970296716048466,1,Summer,166.38303131757502
2026-07-25,19.893835914346433,62.537396614945735,0,Summer,98.88913758433107
2026-07-26,28.541782236496765,64.67693171765433,0,Summer,123.79348562630895
2026-07-27,26.219003568855996,70.85786324939347,0,Summer,113.11709070471515
2026-07-28,22.179606846316357,60.97983153470896,0,Summer,115.2791807299629
2026-07-29,18.59847800664553,63.08050539504102,0,Summer,103.28695598981707
2026-07-30,29.362286641400722,56.08351432578209,0,Summer,136.80249063339878
2026-07-31,28.251005889793305,62.69126941245107,0,Summer,123.61219384890609
2026-08-01,24.504120681103085,56.5680772450259,0,Summer,120.41588993496649
2026-08-02,34.23318498023833,66.21571889856051,0,Summer,128.56938822768373
2026-08-03,19.649576168369236,56.30389663956366,0,Summer,120.44970690246205
2026-08-04,17.372374145376305,63.77100393902187,0,Summer,103.69663508910232
2026-08-05,21.540459650593778,59.707371863150215,0,Summer,117.36016053629633
2026-08-06,24.77206991822251,71.26050250772168,0,Summer,100.6776436655956
2026-08-07,26.21669724661346,59.48606276411514,0,Summer,125.29678453637588
2026-08-08,23.79381971071835,42.26967531793119,0,Summer,136.29780121232562
2026-08-09,26.760276982571483,72.61921500713991,0,Summer,108.48411477386006
2026-08-10,18.74230287904778,50.94267699137381,0,Summer,131.2148788101027
2026-08-11,32.2188230203663,53.4623366135118,0,Summer,139.8734804602544
2026-08-12,24.589244108037157,54.04338705956508,1,Summer,158.18376926013792
2026-08-13,30.586479157940637,73.74438093170818,0,Summer,115.20192081186966
2026-08-14,26.71362673188852,38.64325786021304,0,Summer,164.72657984559493
2026-08-15,27.283766095768918,91.37748533659993,0,Summer,78.26018110513719
2026-08-16,27.84883640116102,70.56056809066052,1,Summer,139.39556902000177
2026-08-17,27.238542800086574,62.2323891412916,0,Summer,114.28388617615533
2026-08-18,28.21361379933772,59.451059993837134,0,Summer,130.76782825446028
2026-08-19,31.645762650662157,62.85554074857657,0,Summer,142.2185943791782
2026-08-20,25.98260584850735,65.21122428379338,0,Summer,118.535167581148
2026-08-21,28.54501878794256,66.45215585950056,0,Summer,120.3004088907157
2026-08-22,24.551321528563868,65.55604466003449,1,Summer,145.37898762091092
2026-08-23,32.200586077247365,60.895806812552486,0,Summer,136.002001915923
2026-08-24,21.61803848970365,58.02661579692674,0,Summer,115.13108142271653
2026-08-25,34.004702164554075,58.487267163464885,1,Summer,177.39490316229936
2026-08-26,24.799210246778284,58.05091719647319,0,Summer,126.65085231440554
2026-08-27,17.84612448940976,71.33770096867065,0,Summer,91.77376378548183
2026-08-28,25.640522074553946,65.93556722280861,0,Summer,110.50086317850372
2026-08-29,21.594741712625595,30.596113653357197,0,Summer,166.81285260488917
2026-08-30,29.203217744943622,66.55900776529761,0,Summer,124.89143756860638
2026-08-31,21.736880103488044,61.94736194718775,0,Summer,110.78811309935794
2026-09-01,22.769082833926102,59.81291243554102,0,Autumn,119.82792128295037
2026-09-02,15.552296345272346,56.11481546911114,0,Autumn,103.44451529495194
2026-09-03,22.738468403754617,71.24112719986013,0,Autumn,93.70522854516385
2026-09-04,12.880603366855217,69.47526462122858,0,Autumn,76.74979421446614
2026-09-05,17.080485882571384,52.27122332176391,1,Autumn,135.89879401705642
2026-09-06,28.802073280721487,64.07052287124534,0,Autumn,122.85607415666598
2026-09-07,28.92900079325416,50.28343265458714,1,Autumn,162.27712821293585
2026-09-08,27.127287808924823,46.203818352110694,0,Autumn,137.80662893335477
2026-09-09,20.165119284353935,53.73282775410035,0,Autumn,108.35305689216469
2026-09-10,24.7614432192901,68.62393472382759,0,Autumn,105.15663588888435
2026-09-11,24.981987304547157,69.53125045376086,0,Autumn,103.91549662709366
2026-09-12,19.208176554037287,65.13085420097293,0,Autumn,98.08659074068336
2026-09-13,32.51699150883575,67.25095786847997,0,Autumn,117.94465774159866
2026-09-14,29.386811452878355,65.16178287114958,0,Autumn,114.16977983184914
2026-09-15,23.89517913085168,53.585184047770476,0,Autumn,128.73443150778053
2026-09-16,25.134429194972654,64.31922544673941,0,Autumn,110.03726056129375
2026-09-17,26.04191403973776,68.00409525227683,0,Autumn,110.65947680874102
2026-09-18,14.791325657878547,67.54291329813574,0,Autumn,82.84203793793236
2026-09-19,23.764113087397014,71.88913371474644,0,Autumn,99.59983931652978
2026-09-20,21.590078760011007,67.08303847201064,0,Autumn,108.07198999858637
2026-09-21,19.991899950525422,63.51448207541583,0,Autumn,106.64290578989102
2026-09-22,23.594498535570224,70.70150238316427,0,Autumn,98.07467440531164
2026-09-23,33.988432634247616,59.7347874075094,0,Autumn,138.66067900901075
2026-09-24,28.20421430633505,51.18125348772282,0,Autumn,137.4332225084348
2026-09-25,22.144105051086015,58.36933036056236,0,Autumn,115.77361548480212
2026-09-26,27.862913906780793,52.55097355193551,0,Autumn,134.2713122249158
